{"cameraMode":{"drawMode":0,"name":"Shaded","section":"Shading Mode"},"sceneLighting":true,"audioPlay":false,"sceneViewState":{"m_AlwaysRefresh":false,"showFog":true,"showSkybox":true,"showFlares":true,"showImageEffects":true,"showParticleSystems":true,"showVisualEffectGraphs":true,"m_FxEnabled":true},"in2DMode":false,"pivot":{"x":499.584716796875,"y":318.0409240722656,"z":9.2874755859375},"rotation":{"x":-0.023704424500465394,"y":-0.015582540072500706,"z":0.00035402888897806406,"w":-0.9996191263198853},"size":335.27960205078127,"orthographic":false}